{"i":1000,"val_loss_history":[1.9324378920536],"val_loss_history_it":[1000],"forward_backward_times":{},"opt":{"max_epochs":50,"checkpoint_every":1000,"batch_size":50,"memory_benchmark":0,"init_from":"","grad_clip":5,"model_type":"lstm","lr_decay_every":5,"print_every":1,"wordvec_size":64,"seq_length":50,"input_json":"\/host\/just_name_things.json","num_layers":2,"input_h5":"\/host\/just_name_things.h5","reset_iterations":1,"rnn_size":128,"dropout":0,"checkpoint_name":"cv\/checkpoint","batchnorm":0,"learning_rate":0.002,"speed_benchmark":0,"gpu_backend":"cuda","lr_decay_factor":0.5,"gpu":0},"train_loss_history":[3.300940990448,3.2318542003632,3.1586892604828,3.0656452178955,3.0240812301636,2.9930174350739,2.9568221569061,2.9867825508118,2.976215839386,2.9582612514496,2.978098154068,2.9451930522919,2.9397120475769,2.93430519104,2.9295573234558,2.914491891861,2.9108567237854,2.9124903678894,2.9038891792297,2.8851346969604,2.8683774471283,2.8609700202942,2.8442099094391,2.8063895702362,2.8248522281647,2.7950212955475,2.7803857326508,2.776210308075,2.7664089202881,2.7731065750122,2.7411351203918,2.756796836853,2.7228674888611,2.7064192295074,2.7236597537994,2.707738161087,2.7062036991119,2.6761727333069,2.6935522556305,2.7010459899902,2.6629240512848,2.6336092948914,2.6307356357574,2.6142692565918,2.6014456748962,2.619681596756,2.6143915653229,2.6138031482697,2.5839977264404,2.5508823394775,2.5762231349945,2.5674796104431,2.5291068553925,2.5716557502747,2.5359137058258,2.5043058395386,2.517347574234,2.5456986427307,2.5658659934998,2.5176725387573,2.5326728820801,2.5190708637238,2.5126979351044,2.4978420734406,2.4849827289581,2.4739663600922,2.469042301178,2.5096442699432,2.5184900760651,2.528350353241,2.4909543991089,2.4923784732819,2.5114622116089,2.4736194610596,2.4628324508667,2.4928841590881,2.4495108127594,2.4954464435577,2.4349501132965,2.4402005672455,2.4659192562103,2.4269330501556,2.4491095542908,2.4701492786407,2.4299829006195,2.449654340744,2.4534161090851,2.4383342266083,2.4447708129883,2.4336214065552,2.4495573043823,2.4493477344513,2.4675407409668,2.4521198272705,2.4533135890961,2.4213407039642,2.4513652324677,2.4458899497986,2.4552326202393,2.4294135570526,2.4329354763031,2.466123342514,2.424311876297,2.4633948802948,2.4538464546204,2.4349448680878,2.3946113586426,2.3929011821747,2.400664806366,2.4093043804169,2.4241235256195,2.4108288288116,2.3783268928528,2.4030539989471,2.3905131816864,2.4344229698181,2.4023942947388,2.3783807754517,2.4057779312134,2.3908486366272,2.379451751709,2.4096953868866,2.4087374210358,2.3854336738586,2.4199497699738,2.4360547065735,2.4326341152191,2.3799428939819,2.4384319782257,2.37668800354,2.3930592536926,2.3813710212708,2.3997368812561,2.4140651226044,2.3721876144409,2.3896706104279,2.3966841697693,2.3488264083862,2.387656211853,2.354994058609,2.3736653327942,2.3193202018738,2.3576245307922,2.3460817337036,2.3907234668732,2.3584516048431,2.3828568458557,2.3504719734192,2.3554344177246,2.3671116828918,2.3766257762909,2.324718952179,2.3893623352051,2.2792282104492,2.3494336605072,2.3469972610474,2.3588216304779,2.3336935043335,2.3705258369446,2.3516824245453,2.3179774284363,2.3282313346863,2.3234000205994,2.3643074035645,2.34445977211,2.3473813533783,2.3678622245789,2.3247020244598,2.3645505905151,2.3541564941406,2.3354957103729,2.2923092842102,2.377185344696,2.3263983726501,2.295294046402,2.3377223014832,2.2850000858307,2.2962427139282,2.3588581085205,2.3384261131287,2.3446087837219,2.3428139686584,2.3309721946716,2.3400673866272,2.3087015151978,2.3400938510895,2.33029961586,2.3322687149048,2.3348453044891,2.3062477111816,2.3129963874817,2.2956192493439,2.3072786331177,2.3187792301178,2.3402047157288,2.3068671226501,2.3393797874451,2.2922143936157,2.303652048111,2.3134591579437,2.3045845031738,2.2970726490021,2.3059244155884,2.2943511009216,2.310587644577,2.3270182609558,2.236944437027,2.2868981361389,2.3161723613739,2.2781794071198,2.2937545776367,2.2776010036469,2.2494647502899,2.2714421749115,2.3433537483215,2.3180708885193,2.3065450191498,2.3133857250214,2.29376745224,2.2818224430084,2.2885737419128,2.2722549438477,2.2793924808502,2.2612824440002,2.2925479412079,2.3072326183319,2.2404329776764,2.2811908721924,2.268803358078,2.2537264823914,2.2640256881714,2.2708706855774,2.2569365501404,2.2816212177277,2.2679913043976,2.2421646118164,2.217591047287,2.2694110870361,2.246830701828,2.2076704502106,2.2710015773773,2.2972190380096,2.2294840812683,2.2652659416199,2.2715368270874,2.2559494972229,2.2486045360565,2.2271511554718,2.2623147964478,2.2525613307953,2.2507190704346,2.2858419418335,2.2390823364258,2.2518835067749,2.2773048877716,2.2897460460663,2.2800426483154,2.2427251338959,2.2525813579559,2.2604386806488,2.2722446918488,2.2395777702332,2.2557921409607,2.2336537837982,2.2664070129395,2.241317987442,2.2319662570953,2.2456469535828,2.2657027244568,2.2397503852844,2.2398347854614,2.235372543335,2.2618291378021,2.2330005168915,2.245698928833,2.2467088699341,2.2063879966736,2.1939074993134,2.212121963501,2.2529366016388,2.2202522754669,2.2491335868835,2.224454164505,2.2072458267212,2.2166600227356,2.2342395782471,2.2023167610168,2.1914582252502,2.2333781719208,2.2119112014771,2.2282884120941,2.2559502124786,2.2337458133698,2.1998398303986,2.2111608982086,2.2296516895294,2.2166249752045,2.2272939682007,2.24138712883,2.2459330558777,2.2418913841248,2.2071342468262,2.2130908966064,2.1933162212372,2.2199592590332,2.2058348655701,2.2315495014191,2.2039053440094,2.2190811634064,2.2304909229279,2.2129008769989,2.2498209476471,2.2193036079407,2.2201039791107,2.1956746578217,2.204478263855,2.2273237705231,2.250816822052,2.1996557712555,2.2389068603516,2.1853675842285,2.2113234996796,2.218866109848,2.18603515625,2.1860430240631,2.1923596858978,2.1694593429565,2.1644854545593,2.2146048545837,2.1987187862396,2.1730856895447,2.1722850799561,2.2169110774994,2.2083985805511,2.1624810695648,2.1799864768982,2.1817226409912,2.1670215129852,2.1738028526306,2.2023980617523,2.1857743263245,2.2072656154633,2.1626889705658,2.1881265640259,2.1756076812744,2.1845374107361,2.1579372882843,2.149861574173,2.1648440361023,2.2082288265228,2.1629385948181,2.1774435043335,2.1201674938202,2.1634359359741,2.1736898422241,2.2253220081329,2.2114033699036,2.2011125087738,2.1825790405273,2.2011306285858,2.1719172000885,2.2220282554626,2.1376070976257,2.1637008190155,2.2015044689178,2.1877875328064,2.168271780014,2.1757214069366,2.1595993041992,2.1834416389465,2.2003684043884,2.1689875125885,2.1736114025116,2.1597995758057,2.1853137016296,2.1263403892517,2.1471481323242,2.1553666591644,2.1992566585541,2.1421291828156,2.1927721500397,2.1937298774719,2.1838998794556,2.162125825882,2.2254843711853,2.1823601722717,2.1850965023041,2.1713850498199,2.15500664711,2.1552925109863,2.1406495571136,2.1355526447296,2.1333465576172,2.1467771530151,2.0996830463409,2.1320049762726,2.1777315139771,2.1792855262756,2.1671578884125,2.1976392269135,2.1728897094727,2.1634705066681,2.1664872169495,2.1284301280975,2.1280219554901,2.1429295539856,2.1626553535461,2.1448905467987,2.1271328926086,2.1686964035034,2.1173715591431,2.2265591621399,2.1881074905396,2.114595413208,2.115229845047,2.13063621521,2.144581079483,2.1580464839935,2.1311273574829,2.1615688800812,2.1348724365234,2.1607389450073,2.0974953174591,2.1120119094849,2.1236064434052,2.1505682468414,2.1693732738495,2.1607649326324,2.1140494346619,2.1234464645386,2.1153662204742,2.1058721542358,2.1338970661163,2.1140904426575,2.1516578197479,2.1069405078888,2.1441159248352,2.1267910003662,2.1451201438904,2.1730213165283,2.175904750824,2.1387989521027,2.1159505844116,2.1541900634766,2.1396853923798,2.1481449604034,2.1162903308868,2.1252057552338,2.1137013435364,2.1290447711945,2.1891663074493,2.1178913116455,2.1684157848358,2.1499090194702,2.1297240257263,2.0881180763245,2.0960879325867,2.1156704425812,2.1562678813934,2.1462285518646,2.1048448085785,2.0675656795502,2.1207792758942,2.1232662200928,2.0866322517395,